<?xml version="1.0" encoding="UTF-8"?>
<GenRun Id="dist_mem_im_synth_1" LaunchPart="xc7a100tcsg324-1" LaunchTime="1764937183">
  <File Type="PA-TCL" Name="dist_mem_im.tcl"/>
  <File Type="RDS-PROPCONSTRS" Name="dist_mem_im_drc_synth.rpt"/>
  <File Type="REPORTS-TCL" Name="dist_mem_im_reports.tcl"/>
  <File Type="RDS-RDS" Name="dist_mem_im.vds"/>
  <File Type="RDS-UTIL" Name="dist_mem_im_utilization_synth.rpt"/>
  <File Type="RDS-UTIL-PB" Name="dist_mem_im_utilization_synth.pb"/>
  <File Type="RDS-DCP" Name="dist_mem_im.dcp"/>
  <File Type="VDS-TIMINGSUMMARY" Name="dist_mem_im_timing_summary_synth.rpt"/>
  <File Type="VDS-TIMING-PB" Name="dist_mem_im_timing_summary_synth.pb"/>
  <FileSet Name="sources" Type="BlockSrcs" RelSrcDir="$PSRCDIR/dist_mem_im">
    <File Path="$PPRDIR/../../user/ip/dist_mem_im/dist_mem_im.xci">
      <FileInfo>
        <Attr Name="UsedIn" Val="synthesis"/>
        <Attr Name="UsedIn" Val="implementation"/>
        <Attr Name="UsedIn" Val="simulation"/>
      </FileInfo>
    </File>
    <Config>
      <Option Name="TopModule" Val="dist_mem_im"/>
      <Option Name="UseBlackboxStub" Val="1"/>
    </Config>
  </FileSet>
  <FileSet Name="constrs_in" Type="BlockSrcs" RelSrcDir="$PSRCDIR/dist_mem_im">
    <File Path="$PPRDIR/../../user/ip/dist_mem_im/dist_mem_im.xci">
      <FileInfo>
        <Attr Name="UsedIn" Val="synthesis"/>
        <Attr Name="UsedIn" Val="implementation"/>
        <Attr Name="UsedIn" Val="simulation"/>
      </FileInfo>
    </File>
    <Config>
      <Option Name="TopModule" Val="dist_mem_im"/>
      <Option Name="UseBlackboxStub" Val="1"/>
    </Config>
  </FileSet>
  <FileSet Name="utils" Type="Utils" RelSrcDir="$PSRCDIR/utils_1">
    <Filter Type="Utils"/>
    <Config>
      <Option Name="TopAutoSet" Val="TRUE"/>
    </Config>
  </FileSet>
  <Strategy Version="1" Minor="2">
    <StratHandle Name="Vivado Synthesis Defaults" Flow="Vivado Synthesis 2018">
      <Desc>Vivado Synthesis Defaults</Desc>
    </StratHandle>
    <Step Id="synth_design"/>
  </Strategy>
</GenRun>
