<?xml version="1.0" encoding="UTF-8"?>
<GenRun Id="impl_1" LaunchPart="xc7a100tcsg324-1" LaunchTime="1758969422">
  <File Type="REPORTS-TCL" Name="course_1_reports.tcl"/>
  <File Type="ROUTE-PWR-SUM" Name="course_1_power_summary_routed.pb"/>
  <File Type="BITSTR-MMI" Name="course_1.mmi"/>
  <File Type="OPT-DRC" Name="course_1_drc_opted.rpt"/>
  <File Type="BG-DRC" Name="course_1.drc"/>
  <File Type="ROUTE-STATUS-PB" Name="course_1_route_status.pb"/>
  <File Type="BG-BGN" Name="course_1.bgn"/>
  <File Type="PLACE-UTIL" Name="course_1_utilization_placed.rpt"/>
  <File Type="PLACE-UTIL-PB" Name="course_1_utilization_placed.pb"/>
  <File Type="PLACE-IO" Name="course_1_io_placed.rpt"/>
  <File Type="BG-BIN" Name="course_1.bin"/>
  <File Type="PLACE-CTRL" Name="course_1_control_sets_placed.rpt"/>
  <File Type="ROUTE-PWR-RPX" Name="course_1_power_routed.rpx"/>
  <File Type="BITSTR-MSK" Name="course_1.msk"/>
  <File Type="BITSTR-RBT" Name="course_1.rbt"/>
  <File Type="ROUTE-TIMINGSUMMARY" Name="course_1_timing_summary_routed.rpt"/>
  <File Type="ROUTE-TIMING-RPX" Name="course_1_timing_summary_routed.rpx"/>
  <File Type="ROUTE-STATUS" Name="course_1_route_status.rpt"/>
  <File Type="PA-TCL" Name="course_1.tcl"/>
  <File Type="ROUTE-PWR" Name="course_1_power_routed.rpt"/>
  <File Type="ROUTE-DRC" Name="course_1_drc_routed.rpt"/>
  <File Type="ROUTE-DRC-RPX" Name="course_1_drc_routed.rpx"/>
  <File Type="ROUTE-DRC-PB" Name="course_1_drc_routed.pb"/>
  <File Type="BITSTR-SYSDEF" Name="course_1.sysdef"/>
  <File Type="ROUTE-METHODOLOGY-DRC" Name="course_1_methodology_drc_routed.rpt"/>
  <File Type="ROUTE-METHODOLOGY-DRC-RPX" Name="course_1_methodology_drc_routed.rpx"/>
  <File Type="BITSTR-LTX" Name="debug_nets.ltx"/>
  <File Type="BITSTR-LTX" Name="course_1.ltx"/>
  <File Type="ROUTE-METHODOLOGY-DRC-PB" Name="course_1_methodology_drc_routed.pb"/>
  <File Type="ROUTE-SIMILARITY" Name="course_1_incremental_reuse_routed.rpt"/>
  <File Type="RDI-RDI" Name="course_1.vdi"/>
  <File Type="ROUTE-CLK" Name="course_1_clock_utilization_routed.rpt"/>
  <File Type="ROUTE-BUS-SKEW" Name="course_1_bus_skew_routed.rpt"/>
  <File Type="ROUTE-BUS-SKEW-RPX" Name="course_1_bus_skew_routed.rpx"/>
  <File Type="ROUTE-BUS-SKEW-PB" Name="course_1_bus_skew_routed.pb"/>
  <File Type="POSTROUTE-PHYSOPT-TIMING" Name="course_1_timing_summary_postroute_physopted.rpt"/>
  <File Type="POSTROUTE-PHYSOPT-TIMING-RPX" Name="course_1_timing_summary_postroute_physopted.rpx"/>
  <File Type="POSTROUTE-PHYSOPT-TIMING-PB" Name="course_1_timing_summary_postroute_physopted.pb"/>
  <File Type="POSTROUTE-PHYSOPT-BUS-SKEW" Name="course_1_bus_skew_postroute_physopted.rpt"/>
  <File Type="POSTROUTE-PHYSOPT-BUS-SKEW-RPX" Name="course_1_bus_skew_postroute_physopted.rpx"/>
  <File Type="BG-BIT" Name="course_1.bit"/>
  <File Type="POSTROUTE-PHYSOPT-BUS-SKEW-PB" Name="course_1_bus_skew_postroute_physopted.pb"/>
  <File Type="BITSTR-NKY" Name="course_1.nky"/>
  <File Type="BITSTR-BMM" Name="course_1_bd.bmm"/>
  <File Type="WBT-USG" Name="usage_statistics_webtalk.html"/>
  <File Type="OPT-HWDEF" Name="course_1.hwdef"/>
  <File Type="PLACE-PRE-SIMILARITY" Name="course_1_incremental_reuse_pre_placed.rpt"/>
  <File Type="ROUTE-DCP" Name="course_1_routed.dcp"/>
  <File Type="ROUTE-ERROR-DCP" Name="course_1_routed_error.dcp"/>
  <File Type="ROUTE-BLACKBOX-DCP" Name="course_1_routed_bb.dcp"/>
  <File Type="ROUTE-TIMING-PB" Name="course_1_timing_summary_routed.pb"/>
  <File Type="OPT-DCP" Name="course_1_opt.dcp"/>
  <File Type="PLACE-DCP" Name="course_1_placed.dcp"/>
  <File Type="PWROPT-DCP" Name="course_1_pwropt.dcp"/>
  <File Type="POSTPLACE-PWROPT-DCP" Name="course_1_postplace_pwropt.dcp"/>
  <File Type="PHYSOPT-DCP" Name="course_1_physopt.dcp"/>
  <File Type="POSTROUTE-PHYSOPT-DCP" Name="course_1_postroute_physopt.dcp"/>
  <File Type="POSTROUTE-PHYSOPT-BLACKBOX-DCP" Name="course_1_postroute_physopt_bb.dcp"/>
  <File Type="PDI-FILE" Name="course_1.pdi"/>
  <File Type="BOOT-PDI-FILE" Name="course_1_boot.pdi"/>
  <File Type="PL-PDI-FILE" Name="course_1_pld.pdi"/>
  <File Type="RCFI_FILE" Name="course_1.rcfi"/>
  <File Type="CFI_FILE" Name="course_1.cfi"/>
  <File Type="RNPI_FILE" Name="course_1.rnpi"/>
  <File Type="NPI_FILE" Name="course_1.npi"/>
  <File Type="RBD_FILE" Name="course_1.rbd"/>
  <File Type="ROUTE-RQS" Name="course_1_routed.rqs"/>
  <File Type="POSTROUTE-PHYSOPT-RQS" Name="course_1_postroute_physopted.rqs"/>
  <File Type="ROUTE-RQS-RPT" Name="route_report_qor_suggestions_0.rpt"/>
  <File Type="POSTROUTE-PHYSOPT-RQS-RPT" Name="postroute_physopt_report_qor_suggestions_0.rpt"/>
  <File Type="MMI-FILE" Name="course_1.mmi"/>
  <File Type="BIF-FILE" Name="course_1.bif"/>
  <File Type="BOOT-BIF-FILE" Name="course_1_boot.bif"/>
  <File Type="PL-BIF-FILE" Name="course_1_pld.bif"/>
  <File Type="LTX-FILE" Name="course_1.ltx"/>
  <File Type="BOOT-LTX-FILE" Name="course_1_boot.ltx"/>
  <File Type="PL-LTX-FILE" Name="course_1_pld.ltx"/>
  <File Type="RCDO-FILE" Name="course_1.rcdo"/>
  <File Type="MARKER-RCDO-FILE" Name="course_1_markers.rcdo"/>
  <File Type="PL-RCDO-FILE" Name="course_1_pld.rcdo"/>
  <File Type="MARKER-RNPI-FILE" Name="course_1_markers.rnpi"/>
  <File Type="BOOT_RNPI_FILE" Name="course_1_boot.rnpi"/>
  <File Type="PL_RNPI_FILE" Name="course_1_pld.rnpi"/>
  <File Type="BOOT_MARKER_RNPI_FILE" Name="course_1_boot_markers.rnpi"/>
  <File Type="PL_MARKER_RNPI_FILE" Name="course_1_pld_markers.rnpi"/>
  <File Type="PL_MASK_RNPI_FILE" Name="course_1_pld_mask.rnpi"/>
  <File Type="PL_SHUTDOWN_RNPI_FILE" Name="course_1_pld_shutdown.rnpi"/>
  <File Type="PL_UNMASK_RNPI_FILE" Name="course_1_pld_unmask.rnpi"/>
  <File Type="PL-CLEAR-RCDO-FILE" Name="course_1_pld_clear.rcdo"/>
  <File Type="PL_MARKER_RCDO_FILE" Name="course_1_pld_markers.rcdo"/>
  <File Type="PL_MASK_RCDO_FILE" Name="course_1_pld_mask.rcdo"/>
  <File Type="PL_UNMASK_MARKER_RCDO_FILE" Name="course_1_pld_unmask_markers.rcdo"/>
  <File Type="PL_UNMASK_RCDO_FILE" Name="course_1_pld_unmask.rcdo"/>
  <FileSet Name="sources" Type="DesignSrcs" RelSrcDir="$PSRCDIR/sources_1" RelGenDir="$PGENDIR/sources_1">
    <Filter Type="Srcs"/>
    <File Path="$PSRCDIR/sources_1/new/course_1.v">
      <FileInfo>
        <Attr Name="UsedIn" Val="synthesis"/>
        <Attr Name="UsedIn" Val="implementation"/>
        <Attr Name="UsedIn" Val="simulation"/>
      </FileInfo>
    </File>
    <Config>
      <Option Name="DesignMode" Val="RTL"/>
      <Option Name="TopModule" Val="course_1"/>
      <Option Name="TopAutoSet" Val="TRUE"/>
    </Config>
  </FileSet>
  <FileSet Name="constrs_in" Type="Constrs" RelSrcDir="$PSRCDIR/constrs_1" RelGenDir="$PGENDIR/constrs_1">
    <Filter Type="Constrs"/>
    <File Path="$PSRCDIR/constrs_1/new/Nexys-A7-100T-Master.xdc">
      <FileInfo>
        <Attr Name="UsedIn" Val="synthesis"/>
        <Attr Name="UsedIn" Val="implementation"/>
      </FileInfo>
    </File>
    <Config>
      <Option Name="ConstrsType" Val="XDC"/>
    </Config>
  </FileSet>
  <FileSet Name="utils" Type="Utils" RelSrcDir="$PSRCDIR/utils_1" RelGenDir="$PGENDIR/utils_1">
    <Filter Type="Utils"/>
    <File Path="$PSRCDIR/utils_1/imports/synth_1/course_1.dcp">
      <FileInfo>
        <Attr Name="UsedIn" Val="synthesis"/>
        <Attr Name="UsedIn" Val="implementation"/>
        <Attr Name="UsedInSteps" Val="synth_1"/>
        <Attr Name="AutoDcp" Val="1"/>
      </FileInfo>
    </File>
    <Config>
      <Option Name="TopAutoSet" Val="TRUE"/>
    </Config>
  </FileSet>
  <Strategy Version="1" Minor="2">
    <StratHandle Name="Vivado Implementation Defaults" Flow="Vivado Implementation 2025"/>
    <Step Id="init_design"/>
    <Step Id="opt_design"/>
    <Step Id="power_opt_design"/>
    <Step Id="place_design"/>
    <Step Id="post_place_power_opt_design"/>
    <Step Id="phys_opt_design"/>
    <Step Id="route_design"/>
    <Step Id="post_route_phys_opt_design"/>
    <Step Id="write_bitstream"/>
    <Step Id="write_device_image"/>
  </Strategy>
</GenRun>
